[
  {
    "id": "PROJ001",
    "kode": "EPS-001",
    "jenis": "LCD Projector",
    "merk": "Epson",
    "model": "EB-001",
    "resolusi": "1024x768 (XGA)",
    "brightness": "3600 lumens",
    "status": "tersedia",
    "lokasi": "Ruang Penyimpanan A",
    "tahunPembelian": 2022,
    "kondisi": "baik",
    "terakhirDiservice": "2024-10-15",
    "catatan": "Proyektor untuk ruang kelas besar"
  },
  {
    "id": "PROJ002",
    "kode": "EPS41-001",
    "jenis": "LCD Projector",
    "merk": "Epson",
    "model": "EB-S41",
    "resolusi": "800x600 (SVGA)",
    "brightness": "3300 lumens",
    "status": "tersedia",
    "lokasi": "Ruang Penyimpanan A",
    "tahunPembelian": 2021,
    "kondisi": "baik",
    "terakhirDiservice": "2024-09-20",
    "catatan": "Proyektor standar untuk presentasi",
    "updatedAt": "2025-11-15T20:23:29.930Z"
  },
  {
    "id": "PROJ003",
    "kode": "BMX535-001",
    "jenis": "DLP Projector",
    "merk": "BenQ",
    "model": "MX535",
    "resolusi": "1024x768 (XGA)",
    "brightness": "3600 lumens",
    "status": "tersedia",
    "lokasi": "Ruang Penyimpanan B",
    "tahunPembelian": 2023,
    "kondisi": "sangat baik",
    "terakhirDiservice": "2024-11-01",
    "catatan": "Proyektor terbaru dengan teknologi DLP"
  },
  {
    "id": "PROJ004",
    "kode": "BMS535A-001",
    "jenis": "DLP Projector",
    "merk": "BenQ",
    "model": "MS535A",
    "resolusi": "800x600 (SVGA)",
    "brightness": "3600 lumens",
    "status": "tersedia",
    "lokasi": "Ruang Penyimpanan B",
    "tahunPembelian": 2023,
    "kondisi": "sangat baik",
    "terakhirDiservice": "2024-11-01",
    "catatan": "Proyektor portable untuk lab komputer"
  },
  {
    "id": "PROJ005",
    "kode": "EPX41-002",
    "jenis": "LCD Projector",
    "merk": "Epson",
    "model": "EB-X41",
    "resolusi": "1024x768 (XGA)",
    "brightness": "3600 lumens",
    "status": "dipinjam",
    "lokasi": "Ruang Penyimpanan A",
    "tahunPembelian": 2022,
    "kondisi": "baik",
    "terakhirDiservice": "2024-10-15",
    "catatan": "Unit cadangan untuk ruang seminar",
    "updatedAt": "2025-11-15T22:35:00.426Z"
  }
]